ENSG00000002549	false	true	false	Known mitochondrial
ENSG00000004468	false	false	false	Known mitochondrial
ENSG00000005884	false	false	false	Known mitochondrial
ENSG00000006125	false	false	false	Predicted mitochondrial
ENSG00000006282	false	true	false	Known mitochondrial
ENSG00000006451	false	false	false	Predicted mitochondrial
ENSG00000007516	false	false	false	Predicted mitochondrial
ENSG00000011052	false	false	false	Predicted mitochondrial
ENSG00000013583	false	true	false	Known mitochondrial
ENSG00000014824	false	true	false	Known mitochondrial
ENSG00000022267	false	false	false	Known mitochondrial
ENSG00000025708	false	false	false	Predicted mitochondrial
ENSG00000026025	false	false	false	Predicted mitochondrial
ENSG00000026652	false	false	false	Known mitochondrial
ENSG00000035141	false	true	true	Known mitochondrial
ENSG00000039560	false	false	false	Predicted mitochondrial
ENSG00000041988	false	false	false	Predicted mitochondrial
ENSG00000047230	false	false	false	Predicted mitochondrial
ENSG00000048707	false	false	false	Known mitochondrial
ENSG00000053371	false	true	false	Known mitochondrial
ENSG00000060971	false	true	false	Predicted mitochondrial
ENSG00000063177	false	false	false	Predicted mitochondrial
ENSG00000063241	false	true	true	Known mitochondrial
ENSG00000063761	false	true	false	Predicted mitochondrial
ENSG00000065060	false	false	false	Predicted mitochondrial
ENSG00000065413	false	false	true	Predicted mitochondrial
ENSG00000066651	false	true	false	Known mitochondrial
ENSG00000066739	false	false	false	Predicted mitochondrial
ENSG00000067177	false	false	false	Predicted mitochondrial
ENSG00000067560	false	false	false	Predicted mitochondrial
ENSG00000068097	false	false	true	Predicted mitochondrial
ENSG00000068784	false	false	true	Predicted mitochondrial
ENSG00000070081	false	true	false	Known mitochondrial
ENSG00000071082	false	false	false	Predicted mitochondrial
ENSG00000072110	false	false	false	Predicted mitochondrial
ENSG00000072210	false	true	false	Known mitochondrial
ENSG00000072274	false	false	false	Predicted mitochondrial
ENSG00000074695	false	false	false	Predicted mitochondrial
ENSG00000074755	false	false	true	Predicted mitochondrial
ENSG00000074800	false	false	false	Predicted mitochondrial
ENSG00000075035	false	false	false	Predicted mitochondrial
ENSG00000075624	false	false	false	Known mitochondrial
ENSG00000075785	false	false	false	Predicted mitochondrial
ENSG00000077157	false	false	false	Predicted mitochondrial
ENSG00000078369	false	false	false	Predicted mitochondrial
ENSG00000079332	false	false	false	Known mitochondrial
ENSG00000080371	false	false	false	Predicted mitochondrial
ENSG00000080824	false	false	false	Predicted mitochondrial
ENSG00000081177	false	false	true	Known mitochondrial
ENSG00000083099	false	true	false	Known mitochondrial
ENSG00000084733	false	false	false	Predicted mitochondrial
ENSG00000085662	false	false	false	Predicted mitochondrial
ENSG00000086289	false	false	false	Predicted mitochondrial
ENSG00000087086	false	false	false	Predicted mitochondrial
ENSG00000088320	false	false	false	Predicted mitochondrial
ENSG00000088854	false	false	false	Predicted mitochondrial
ENSG00000089009	false	false	false	Predicted mitochondrial
ENSG00000089157	false	false	false	Predicted mitochondrial
ENSG00000089597	false	false	false	Predicted mitochondrial
ENSG00000092841	false	false	false	Predicted mitochondrial
ENSG00000093010	false	true	false	Predicted mitochondrial
ENSG00000099797	false	false	false	Predicted mitochondrial
ENSG00000099940	false	true	false	Known mitochondrial
ENSG00000099977	false	false	true	Predicted mitochondrial
ENSG00000100316	false	false	false	Predicted mitochondrial
ENSG00000100345	false	false	false	Known mitochondrial
ENSG00000100364	false	false	true	Predicted mitochondrial
ENSG00000100422	false	false	false	Predicted mitochondrial
ENSG00000100445	false	true	false	Predicted mitochondrial
ENSG00000100596	false	true	true	Predicted mitochondrial
ENSG00000100612	false	false	true	Predicted mitochondrial
ENSG00000100991	false	false	false	Predicted mitochondrial
ENSG00000101337	false	false	true	Predicted mitochondrial
ENSG00000101473	false	false	true	Predicted mitochondrial
ENSG00000101986	false	true	false	Predicted mitochondrial
ENSG00000102144	false	false	false	Known mitochondrial
ENSG00000103024	false	true	false	Known mitochondrial
ENSG00000103254	false	false	false	Predicted mitochondrial
ENSG00000103502	false	false	false	Predicted mitochondrial
ENSG00000103512	false	false	false	Predicted mitochondrial
ENSG00000104059	false	false	false	Predicted mitochondrial
ENSG00000104412	false	true	false	Predicted mitochondrial
ENSG00000104442	false	false	true	Known mitochondrial
ENSG00000104763	false	false	false	Predicted mitochondrial
ENSG00000105135	false	false	false	Predicted mitochondrial
ENSG00000105193	false	false	false	Predicted mitochondrial
ENSG00000105372	false	false	false	Predicted mitochondrial
ENSG00000105514	false	false	false	Known mitochondrial
ENSG00000105640	false	false	false	Predicted mitochondrial
ENSG00000105649	false	false	false	Known mitochondrial
ENSG00000105726	false	false	false	Predicted mitochondrial
ENSG00000105784	false	false	false	Predicted mitochondrial
ENSG00000105793	false	true	false	Known mitochondrial
ENSG00000106077	false	true	true	Known mitochondrial
ENSG00000106211	false	false	false	Known mitochondrial
ENSG00000106346	false	false	false	Predicted mitochondrial
ENSG00000106772	false	false	false	Predicted mitochondrial
ENSG00000107020	false	true	true	Known mitochondrial
ENSG00000107099	false	false	true	Predicted mitochondrial
ENSG00000107518	false	false	true	Predicted mitochondrial
ENSG00000108094	false	false	false	Known mitochondrial
ENSG00000108439	false	true	false	Known mitochondrial
ENSG00000108774	false	false	false	Known mitochondrial
ENSG00000108788	false	false	false	Known mitochondrial
ENSG00000109016	false	true	false	Predicted mitochondrial
ENSG00000109046	false	false	true	Predicted mitochondrial
ENSG00000109180	false	true	true	Known mitochondrial
ENSG00000109270	false	false	false	Predicted mitochondrial
ENSG00000109436	false	false	false	Predicted mitochondrial
ENSG00000109475	false	true	false	Predicted mitochondrial
ENSG00000109511	false	false	false	Predicted mitochondrial
ENSG00000109971	false	false	false	Predicted mitochondrial
ENSG00000110011	false	true	false	Predicted mitochondrial
ENSG00000110700	false	false	false	Predicted mitochondrial
ENSG00000110719	false	true	true	Predicted mitochondrial
ENSG00000110917	false	false	false	Predicted mitochondrial
ENSG00000111640	false	true	false	Predicted mitochondrial
ENSG00000111647	false	false	false	Predicted mitochondrial
ENSG00000111669	false	true	false	Predicted mitochondrial
ENSG00000111696	false	true	true	Known mitochondrial
ENSG00000111737	false	true	false	Known mitochondrial
ENSG00000111790	false	false	true	Predicted mitochondrial
ENSG00000111850	false	false	false	Known mitochondrial
ENSG00000111906	false	false	false	Predicted mitochondrial
ENSG00000112208	false	false	false	Predicted mitochondrial
ENSG00000112514	false	false	false	Predicted mitochondrial
ENSG00000112782	false	false	false	Known mitochondrial
ENSG00000113643	false	true	false	Predicted mitochondrial
ENSG00000114021	false	true	false	Predicted mitochondrial
ENSG00000114374	false	false	false	Predicted mitochondrial
ENSG00000114573	false	false	false	Predicted mitochondrial
ENSG00000114942	false	false	false	Predicted mitochondrial
ENSG00000114993	false	false	true	Predicted mitochondrial
ENSG00000115042	false	true	false	Known mitochondrial
ENSG00000115275	false	false	false	Predicted mitochondrial
ENSG00000115464	false	false	false	Predicted mitochondrial
ENSG00000116096	false	true	false	Predicted mitochondrial
ENSG00000116151	false	false	true	Predicted mitochondrial
ENSG00000116337	false	false	false	Predicted mitochondrial
ENSG00000116685	false	false	false	Predicted mitochondrial
ENSG00000116791	false	true	false	Known mitochondrial
ENSG00000117016	false	false	true	Predicted mitochondrial
ENSG00000117114	false	false	false	Predicted mitochondrial
ENSG00000117450	false	false	true	Predicted mitochondrial
ENSG00000117480	false	false	false	Predicted mitochondrial
ENSG00000117592	false	true	false	Predicted mitochondrial
ENSG00000117862	false	true	false	Known mitochondrial
ENSG00000117906	false	true	false	Known mitochondrial
ENSG00000118363	false	false	false	Predicted mitochondrial
ENSG00000118492	false	false	false	Predicted mitochondrial
ENSG00000118705	false	false	false	Predicted mitochondrial
ENSG00000119431	false	true	false	Known mitochondrial
ENSG00000119771	false	false	true	Predicted mitochondrial
ENSG00000119772	false	false	false	Known mitochondrial
ENSG00000119943	false	false	true	Predicted mitochondrial
ENSG00000120265	false	false	false	Predicted mitochondrial
ENSG00000120697	false	false	false	Predicted mitochondrial
ENSG00000120705	false	false	false	Predicted mitochondrial
ENSG00000120992	false	true	false	Predicted mitochondrial
ENSG00000121749	false	false	true	Known mitochondrial
ENSG00000122203	false	false	false	Predicted mitochondrial
ENSG00000122378	false	true	false	Predicted mitochondrial
ENSG00000122406	false	false	false	Predicted mitochondrial
ENSG00000123131	false	true	false	Known mitochondrial
ENSG00000123600	false	true	false	Known mitochondrial
ENSG00000124164	false	false	false	Predicted mitochondrial
ENSG00000124194	false	false	false	Predicted mitochondrial
ENSG00000124207	false	false	false	Predicted mitochondrial
ENSG00000124374	false	false	false	Predicted mitochondrial
ENSG00000124614	false	false	false	Predicted mitochondrial
ENSG00000124615	false	true	false	Known mitochondrial
ENSG00000124786	false	false	false	Predicted mitochondrial
ENSG00000125170	false	false	false	Predicted mitochondrial
ENSG00000125691	false	false	false	Predicted mitochondrial
ENSG00000125844	false	false	false	Predicted mitochondrial
ENSG00000127022	false	false	false	Known mitochondrial
ENSG00000127314	false	false	false	Predicted mitochondrial
ENSG00000127452	false	false	true	Predicted mitochondrial
ENSG00000127526	false	false	false	Predicted mitochondrial
ENSG00000128050	false	true	false	Known mitochondrial
ENSG00000128595	false	false	false	Predicted mitochondrial
ENSG00000129151	false	false	false	Predicted mitochondrial
ENSG00000130255	false	false	false	Predicted mitochondrial
ENSG00000130589	false	false	false	Predicted mitochondrial
ENSG00000130748	false	false	false	Predicted mitochondrial
ENSG00000130816	false	false	false	Known mitochondrial
ENSG00000131149	false	false	true	Predicted mitochondrial
ENSG00000131379	false	false	false	Predicted mitochondrial
ENSG00000131473	false	true	false	Known mitochondrial
ENSG00000132361	false	false	false	Known mitochondrial
ENSG00000132570	false	true	false	Predicted mitochondrial
ENSG00000132763	false	true	false	Predicted mitochondrial
ENSG00000133026	false	false	true	Known mitochondrial
ENSG00000133315	false	true	false	Known mitochondrial
ENSG00000133597	false	true	false	Predicted mitochondrial
ENSG00000133687	false	false	false	Predicted mitochondrial
ENSG00000133878	false	true	false	Predicted mitochondrial
ENSG00000134108	false	false	false	Predicted mitochondrial
ENSG00000134285	false	false	false	Predicted mitochondrial
ENSG00000134419	false	true	false	Predicted mitochondrial
ENSG00000134824	false	false	false	Predicted mitochondrial
ENSG00000135002	false	true	false	Predicted mitochondrial
ENSG00000135241	false	true	false	Known mitochondrial
ENSG00000135362	false	false	false	Predicted mitochondrial
ENSG00000135624	false	true	false	Predicted mitochondrial
ENSG00000135632	false	false	true	Predicted mitochondrial
ENSG00000135862	false	true	false	Known mitochondrial
ENSG00000136628	false	false	false	Predicted mitochondrial
ENSG00000136682	false	false	false	Predicted mitochondrial
ENSG00000137040	false	false	false	Known mitochondrial
ENSG00000137074	false	false	false	Known mitochondrial
ENSG00000137106	false	true	false	Known mitochondrial
ENSG00000137198	false	false	false	Predicted mitochondrial
ENSG00000137700	false	true	true	Predicted mitochondrial
ENSG00000137944	false	true	false	Known mitochondrial
ENSG00000137968	false	false	false	Predicted mitochondrial
ENSG00000138078	false	true	false	Known mitochondrial
ENSG00000138101	false	false	true	Predicted mitochondrial
ENSG00000138138	false	true	true	Known mitochondrial
ENSG00000138363	false	true	false	Predicted mitochondrial
ENSG00000138760	false	false	false	Predicted mitochondrial
ENSG00000138801	false	false	false	Predicted mitochondrial
ENSG00000139324	false	false	false	Predicted mitochondrial
ENSG00000139438	false	false	true	Predicted mitochondrial
ENSG00000139641	false	false	false	Predicted mitochondrial
ENSG00000139921	false	false	false	Known mitochondrial
ENSG00000139990	false	false	true	Predicted mitochondrial
ENSG00000140280	false	false	true	Predicted mitochondrial
ENSG00000140284	false	false	false	Predicted mitochondrial
ENSG00000140798	false	false	false	Predicted mitochondrial
ENSG00000141367	false	false	false	Predicted mitochondrial
ENSG00000141401	false	false	true	Predicted mitochondrial
ENSG00000141504	false	false	false	Known mitochondrial
ENSG00000141756	false	true	false	Known mitochondrial
ENSG00000142459	false	false	false	Predicted mitochondrial
ENSG00000142544	false	false	false	Predicted mitochondrial
ENSG00000142937	false	false	false	Predicted mitochondrial
ENSG00000143149	false	true	false	Known mitochondrial
ENSG00000143198	false	true	false	Known mitochondrial
ENSG00000143353	false	true	false	Predicted mitochondrial
ENSG00000143774	false	true	false	Known mitochondrial
ENSG00000144199	false	false	false	Known mitochondrial
ENSG00000144369	false	false	true	Predicted mitochondrial
ENSG00000144713	false	false	false	Predicted mitochondrial
ENSG00000144867	false	false	false	Predicted mitochondrial
ENSG00000144908	false	true	false	Known mitochondrial
ENSG00000145247	false	true	true	Known mitochondrial
ENSG00000146350	false	false	true	Predicted mitochondrial
ENSG00000146731	false	false	false	Predicted mitochondrial
ENSG00000147403	false	false	false	Predicted mitochondrial
ENSG00000147471	false	true	false	Known mitochondrial
ENSG00000147604	false	false	false	Predicted mitochondrial
ENSG00000147642	false	false	false	Known mitochondrial
ENSG00000148057	false	false	true	Predicted mitochondrial
ENSG00000148225	false	false	false	Predicted mitochondrial
ENSG00000148730	false	false	true	Predicted mitochondrial
ENSG00000149428	false	false	false	Predicted mitochondrial
ENSG00000150756	false	false	false	Known mitochondrial
ENSG00000151135	false	false	false	Known mitochondrial
ENSG00000151148	false	false	true	Known mitochondrial
ENSG00000151552	false	true	true	Known mitochondrial
ENSG00000151640	false	false	true	Predicted mitochondrial
ENSG00000151704	false	false	false	Known mitochondrial
ENSG00000152700	false	false	false	Known mitochondrial
ENSG00000152904	false	false	false	Predicted mitochondrial
ENSG00000153574	false	true	false	Known mitochondrial
ENSG00000153721	false	false	true	Predicted mitochondrial
ENSG00000153982	false	false	false	Predicted mitochondrial
ENSG00000154124	false	false	true	Predicted mitochondrial
ENSG00000154258	false	true	false	Predicted mitochondrial
ENSG00000155368	false	true	false	Known mitochondrial
ENSG00000155542	false	true	false	Known mitochondrial
ENSG00000155792	false	false	true	Predicted mitochondrial
ENSG00000155890	false	false	false	Predicted mitochondrial
ENSG00000156113	false	false	false	Known mitochondrial
ENSG00000156482	false	false	false	Predicted mitochondrial
ENSG00000156958	false	false	false	Predicted mitochondrial
ENSG00000157379	false	true	false	Predicted mitochondrial
ENSG00000157999	false	false	false	Predicted mitochondrial
ENSG00000158402	false	true	false	Known mitochondrial
ENSG00000158792	false	false	true	Predicted mitochondrial
ENSG00000159374	false	false	true	Predicted mitochondrial
ENSG00000159596	false	false	false	Predicted mitochondrial
ENSG00000160285	false	false	false	Predicted mitochondrial
ENSG00000160752	false	true	false	Predicted mitochondrial
ENSG00000160883	false	false	false	Predicted mitochondrial
ENSG00000161016	false	false	false	Predicted mitochondrial
ENSG00000161203	false	false	false	Predicted mitochondrial
ENSG00000162032	false	false	true	Predicted mitochondrial
ENSG00000162496	false	false	true	Predicted mitochondrial
ENSG00000162755	false	false	false	Predicted mitochondrial
ENSG00000162777	false	false	false	Predicted mitochondrial
ENSG00000162813	false	false	false	Predicted mitochondrial
ENSG00000162927	false	false	true	Predicted mitochondrial
ENSG00000163596	false	false	true	Predicted mitochondrial
ENSG00000163617	false	false	true	Predicted mitochondrial
ENSG00000163866	false	false	true	Predicted mitochondrial
ENSG00000163902	false	false	false	Predicted mitochondrial
ENSG00000164040	false	false	false	Predicted mitochondrial
ENSG00000164051	false	true	true	Known mitochondrial
ENSG00000164124	false	false	true	Predicted mitochondrial
ENSG00000164241	false	true	true	Predicted mitochondrial
ENSG00000164327	false	false	true	Predicted mitochondrial
ENSG00000164366	false	true	false	Known mitochondrial
ENSG00000164488	false	false	false	Predicted mitochondrial
ENSG00000164587	false	true	false	Predicted mitochondrial
ENSG00000164645	false	false	false	Predicted mitochondrial
ENSG00000165119	false	false	false	Known mitochondrial
ENSG00000165152	false	false	true	Predicted mitochondrial
ENSG00000165443	false	false	false	Predicted mitochondrial
ENSG00000165588	false	false	false	Known mitochondrial
ENSG00000165632	false	false	false	Predicted mitochondrial
ENSG00000165644	false	true	false	Known mitochondrial
ENSG00000165661	false	false	false	Predicted mitochondrial
ENSG00000166133	false	false	false	Predicted mitochondrial
ENSG00000166329	false	false	false	Predicted mitochondrial
ENSG00000166340	false	false	false	Predicted mitochondrial
ENSG00000166348	false	false	true	Predicted mitochondrial
ENSG00000166598	false	false	false	Predicted mitochondrial
ENSG00000166794	false	false	false	Predicted mitochondrial
ENSG00000166833	false	false	false	Predicted mitochondrial
ENSG00000167004	false	false	false	Predicted mitochondrial
ENSG00000167264	false	true	false	Predicted mitochondrial
ENSG00000167526	false	false	false	Predicted mitochondrial
ENSG00000167552	false	false	false	Predicted mitochondrial
ENSG00000167588	false	false	false	Predicted mitochondrial
ENSG00000167641	false	false	false	Predicted mitochondrial
ENSG00000167645	false	false	false	Predicted mitochondrial
ENSG00000167658	false	false	false	Predicted mitochondrial
ENSG00000167799	false	true	false	Known mitochondrial
ENSG00000167815	false	true	false	Predicted mitochondrial
ENSG00000167996	false	true	false	Predicted mitochondrial
ENSG00000168268	false	true	false	Known mitochondrial
ENSG00000168273	false	false	true	Predicted mitochondrial
ENSG00000168765	false	false	false	Predicted mitochondrial
ENSG00000168904	false	false	true	Predicted mitochondrial
ENSG00000169228	false	true	false	Known mitochondrial
ENSG00000169519	false	true	false	Known mitochondrial
ENSG00000169738	false	true	false	Known mitochondrial
ENSG00000169972	false	true	false	Known mitochondrial
ENSG00000170348	false	false	false	Predicted mitochondrial
ENSG00000170634	false	true	false	Predicted mitochondrial
ENSG00000170638	false	false	true	Known mitochondrial
ENSG00000170889	false	false	false	Predicted mitochondrial
ENSG00000170899	false	false	false	Predicted mitochondrial
ENSG00000170921	false	false	false	Predicted mitochondrial
ENSG00000171097	false	false	false	Predicted mitochondrial
ENSG00000171433	false	false	false	Predicted mitochondrial
ENSG00000171865	false	true	false	Known mitochondrial
ENSG00000172992	false	true	false	Predicted mitochondrial
ENSG00000173137	false	true	false	Predicted mitochondrial
ENSG00000173486	false	false	false	Predicted mitochondrial
ENSG00000173540	false	false	false	Predicted mitochondrial
ENSG00000173992	false	false	false	Known mitochondrial
ENSG00000174021	false	true	false	Predicted mitochondrial
ENSG00000174109	false	true	false	Known mitochondrial
ENSG00000174177	false	false	true	Predicted mitochondrial
ENSG00000174444	false	false	false	Predicted mitochondrial
ENSG00000174606	false	true	true	Known mitochondrial
ENSG00000174903	false	false	false	Predicted mitochondrial
ENSG00000174928	false	true	false	Known mitochondrial
ENSG00000175104	false	false	true	Known mitochondrial
ENSG00000176410	false	true	false	Known mitochondrial
ENSG00000176422	false	true	false	Known mitochondrial
ENSG00000176623	false	true	false	Known mitochondrial
ENSG00000176894	false	true	false	Predicted mitochondrial
ENSG00000177302	false	true	false	Known mitochondrial
ENSG00000177600	false	false	true	Predicted mitochondrial
ENSG00000177692	false	true	false	Predicted mitochondrial
ENSG00000177889	false	false	false	Predicted mitochondrial
ENSG00000178074	false	true	false	Known mitochondrial
ENSG00000178605	false	true	false	Known mitochondrial
ENSG00000178927	false	false	false	Predicted mitochondrial
ENSG00000179218	false	false	false	Known mitochondrial
ENSG00000179314	false	false	false	Predicted mitochondrial
ENSG00000179869	false	true	false	Predicted mitochondrial
ENSG00000179988	false	true	false	Predicted mitochondrial
ENSG00000180011	false	true	false	Predicted mitochondrial
ENSG00000180879	false	false	false	Predicted mitochondrial
ENSG00000180891	false	false	false	Predicted mitochondrial
ENSG00000181019	false	false	false	Known mitochondrial
ENSG00000182362	false	true	false	Known mitochondrial
ENSG00000182676	false	false	false	Predicted mitochondrial
ENSG00000182718	false	false	false	Predicted mitochondrial
ENSG00000182768	false	true	false	Known mitochondrial
ENSG00000182774	false	false	false	Predicted mitochondrial
ENSG00000182899	false	true	false	Predicted mitochondrial
ENSG00000183207	false	false	false	Known mitochondrial
ENSG00000183569	false	true	false	Predicted mitochondrial
ENSG00000183597	false	false	false	Known mitochondrial
ENSG00000183891	false	false	true	Predicted mitochondrial
ENSG00000184227	false	false	true	Predicted mitochondrial
ENSG00000184840	false	false	false	Predicted mitochondrial
ENSG00000185236	false	false	false	Known mitochondrial
ENSG00000185386	false	false	true	Predicted mitochondrial
ENSG00000185624	false	true	false	Known mitochondrial
ENSG00000185875	false	true	true	Known mitochondrial
ENSG00000186051	false	false	false	Predicted mitochondrial
ENSG00000186081	false	true	false	Predicted mitochondrial
ENSG00000186150	false	false	false	Predicted mitochondrial
ENSG00000186591	false	false	true	Predicted mitochondrial
ENSG00000186603	false	false	true	Predicted mitochondrial
ENSG00000187024	false	true	false	Known mitochondrial
ENSG00000187862	false	false	false	Predicted mitochondrial
ENSG00000188343	false	false	true	Predicted mitochondrial
ENSG00000188483	false	false	false	Predicted mitochondrial
ENSG00000188917	false	true	false	Known mitochondrial
ENSG00000189227	false	true	false	Known mitochondrial
ENSG00000196230	false	false	false	Predicted mitochondrial
ENSG00000196743	false	false	false	Predicted mitochondrial
ENSG00000196850	false	true	false	Known mitochondrial
ENSG00000196872	false	false	false	Predicted mitochondrial
ENSG00000197006	false	false	false	Predicted mitochondrial
ENSG00000197045	false	false	false	Predicted mitochondrial
ENSG00000197157	false	true	false	Predicted mitochondrial
ENSG00000197226	false	false	false	Predicted mitochondrial
ENSG00000197746	false	false	false	Predicted mitochondrial
ENSG00000197969	false	false	false	Known mitochondrial
ENSG00000198211	false	true	false	Known mitochondrial
ENSG00000198610	false	false	false	Predicted mitochondrial
ENSG00000198682	false	false	true	Predicted mitochondrial
ENSG00000198755	false	true	false	Predicted mitochondrial
ENSG00000204099	false	true	false	Known mitochondrial
ENSG00000204237	false	true	false	Predicted mitochondrial
ENSG00000204311	false	false	true	Predicted mitochondrial
ENSG00000204394	false	false	false	Predicted mitochondrial
ENSG00000204427	false	false	false	Predicted mitochondrial
ENSG00000204564	false	true	false	Predicted mitochondrial
ENSG00000204653	false	false	false	Predicted mitochondrial
ENSG00000205002	false	false	false	Predicted mitochondrial
ENSG00000205544	false	false	false	Predicted mitochondrial
ENSG00000206052	false	false	false	Predicted mitochondrial
ENSG00000211456	false	false	false	Predicted mitochondrial
ENSG00000213563	false	true	false	Known mitochondrial
ENSG00000213593	false	false	false	Predicted mitochondrial
ENSG00000213965	false	true	false	Known mitochondrial
ENSG00000214827	false	true	false	Predicted mitochondrial
ENSG00000215712	false	false	false	Predicted mitochondrial
ENSG00000215845	false	true	false	Predicted mitochondrial
ENSG00000221886	false	false	false	Predicted mitochondrial
ENSG00000222011	false	true	false	Known mitochondrial
ENSG00000231500	false	true	false	Predicted mitochondrial
ENSG00000232859	false	true	false	Predicted mitochondrial
ENSG00000240857	false	true	false	Predicted mitochondrial
ENSG00000244038	false	false	false	Predicted mitochondrial
ENSG00000244187	false	false	true	Predicted mitochondrial
ENSG00000244694	false	false	false	Predicted mitochondrial
ENSG00000254402	false	false	false	Predicted mitochondrial
ENSG00000254772	false	false	true	Predicted mitochondrial
ENSG00000257727	false	false	false	Predicted mitochondrial
ENSG00000258947	false	false	false	Known mitochondrial
ENSG00000269190	false	false	false	Known mitochondrial
ENSG00000274523	false	true	false	Known mitochondrial
ENSG00000277791	false	false	true	Predicted mitochondrial
ENSG00000002330	true	true	true	Known mitochondrial
ENSG00000003509	true	true	false	Known mitochondrial
ENSG00000004139	true	false	false	Known mitochondrial
ENSG00000004142	true	true	true	Known mitochondrial
ENSG00000004455	true	true	false	Known mitochondrial
ENSG00000004478	true	false	false	Known mitochondrial
ENSG00000004779	true	true	true	Known mitochondrial
ENSG00000004799	true	true	false	Known mitochondrial
ENSG00000004864	true	true	true	Known mitochondrial
ENSG00000004961	true	true	true	Known mitochondrial
ENSG00000005022	true	true	true	Known mitochondrial
ENSG00000005059	true	true	false	Known mitochondrial
ENSG00000005156	true	false	false	Known mitochondrial
ENSG00000005187	true	true	false	Known mitochondrial
ENSG00000005379	true	false	false	Known mitochondrial
ENSG00000005882	true	true	true	Known mitochondrial
ENSG00000006530	true	true	true	Known mitochondrial
ENSG00000006695	true	true	true	Known mitochondrial
ENSG00000006744	true	true	false	Known mitochondrial
ENSG00000006757	true	false	false	Known mitochondrial
ENSG00000007923	true	true	false	Known mitochondrial
ENSG00000008311	true	true	true	Known mitochondrial
ENSG00000008394	true	true	true	Predicted mitochondrial
ENSG00000008405	true	true	false	Known mitochondrial
ENSG00000010256	true	true	true	Known mitochondrial
ENSG00000011295	true	true	true	Known mitochondrial
ENSG00000011376	true	true	true	Known mitochondrial
ENSG00000013306	true	true	false	Known mitochondrial
ENSG00000014919	true	true	true	Known mitochondrial
ENSG00000016391	true	true	false	Known mitochondrial
ENSG00000019186	true	true	true	Known mitochondrial
ENSG00000021826	true	true	false	Known mitochondrial
ENSG00000023228	true	true	true	Known mitochondrial
ENSG00000023330	true	true	true	Known mitochondrial
ENSG00000023572	true	true	false	Known mitochondrial
ENSG00000025772	true	true	false	Known mitochondrial
ENSG00000027001	true	true	true	Known mitochondrial
ENSG00000028116	true	false	false	Known mitochondrial
ENSG00000029639	true	true	false	Known mitochondrial
ENSG00000030110	true	true	false	Known mitochondrial
ENSG00000033050	true	true	false	Predicted mitochondrial
ENSG00000036448	true	false	true	Predicted mitochondrial
ENSG00000036473	true	true	true	Known mitochondrial
ENSG00000039650	true	false	false	Known mitochondrial
ENSG00000043514	true	true	false	Known mitochondrial
ENSG00000044574	true	false	false	Known mitochondrial
ENSG00000048544	true	true	true	Known mitochondrial
ENSG00000049883	true	true	false	Known mitochondrial
ENSG00000050393	true	true	false	Known mitochondrial
ENSG00000050426	true	true	true	Predicted mitochondrial
ENSG00000051180	true	false	true	Known mitochondrial
ENSG00000054523	true	true	false	Known mitochondrial
ENSG00000055950	true	true	true	Known mitochondrial
ENSG00000059573	true	true	true	Known mitochondrial
ENSG00000059691	true	true	true	Known mitochondrial
ENSG00000060762	true	true	true	Known mitochondrial
ENSG00000060982	true	false	false	Predicted mitochondrial
ENSG00000061794	true	true	true	Known mitochondrial
ENSG00000062485	true	true	true	Known mitochondrial
ENSG00000062582	true	true	false	Known mitochondrial
ENSG00000063854	true	true	false	Known mitochondrial
ENSG00000065154	true	true	true	Known mitochondrial
ENSG00000065427	true	true	false	Known mitochondrial
ENSG00000065518	true	true	true	Known mitochondrial
ENSG00000065911	true	true	false	Known mitochondrial
ENSG00000066813	true	false	false	Known mitochondrial
ENSG00000066855	true	true	true	Known mitochondrial
ENSG00000066926	true	true	false	Known mitochondrial
ENSG00000067225	true	false	false	Predicted mitochondrial
ENSG00000067704	true	true	true	Known mitochondrial
ENSG00000067829	true	true	true	Known mitochondrial
ENSG00000067992	true	true	true	Known mitochondrial
ENSG00000068120	true	true	false	Known mitochondrial
ENSG00000068366	true	true	true	Known mitochondrial
ENSG00000069509	true	true	false	Known mitochondrial
ENSG00000069535	true	true	true	Known mitochondrial
ENSG00000069998	true	true	true	Known mitochondrial
ENSG00000070214	true	false	true	Known mitochondrial
ENSG00000072062	true	false	false	Known mitochondrial
ENSG00000072133	true	false	true	Predicted mitochondrial
ENSG00000072506	true	true	false	Known mitochondrial
ENSG00000072756	true	true	true	Known mitochondrial
ENSG00000072778	true	true	true	Known mitochondrial
ENSG00000073169	true	true	false	Predicted mitochondrial
ENSG00000073578	true	true	true	Known mitochondrial
ENSG00000074071	true	true	true	Known mitochondrial
ENSG00000074582	true	true	false	Known mitochondrial
ENSG00000074696	true	false	false	Predicted mitochondrial
ENSG00000075239	true	true	true	Known mitochondrial
ENSG00000075240	true	false	false	Known mitochondrial
ENSG00000075303	true	true	false	Known mitochondrial
ENSG00000075336	true	true	false	Known mitochondrial
ENSG00000075415	true	true	true	Known mitochondrial
ENSG00000076043	true	true	true	Known mitochondrial
ENSG00000076248	true	true	false	Known mitochondrial
ENSG00000076555	true	true	false	Known mitochondrial
ENSG00000077713	true	true	false	Known mitochondrial
ENSG00000078070	true	true	true	Known mitochondrial
ENSG00000078668	true	true	true	Known mitochondrial
ENSG00000080815	true	false	false	Known mitochondrial
ENSG00000080819	true	true	true	Known mitochondrial
ENSG00000081181	true	true	true	Known mitochondrial
ENSG00000081791	true	true	false	Known mitochondrial
ENSG00000082212	true	true	true	Known mitochondrial
ENSG00000082515	true	true	true	Known mitochondrial
ENSG00000083123	true	true	false	Known mitochondrial
ENSG00000083720	true	true	true	Known mitochondrial
ENSG00000084090	true	true	true	Known mitochondrial
ENSG00000084092	true	true	true	Known mitochondrial
ENSG00000084207	true	false	true	Predicted mitochondrial
ENSG00000084754	true	true	true	Known mitochondrial
ENSG00000085491	true	true	true	Known mitochondrial
ENSG00000085760	true	true	true	Known mitochondrial
ENSG00000086061	true	false	false	Predicted mitochondrial
ENSG00000086504	true	true	true	Known mitochondrial
ENSG00000086991	true	false	false	Known mitochondrial
ENSG00000087074	true	false	false	Known mitochondrial
ENSG00000087088	true	true	false	Known mitochondrial
ENSG00000087157	true	true	false	Known mitochondrial
ENSG00000087299	true	true	true	Known mitochondrial
ENSG00000087470	true	true	false	Known mitochondrial
ENSG00000088682	true	true	false	Known mitochondrial
ENSG00000088766	true	true	false	Known mitochondrial
ENSG00000088888	true	true	true	Known mitochondrial
ENSG00000089060	true	false	false	Known mitochondrial
ENSG00000089127	true	false	false	Predicted mitochondrial
ENSG00000089163	true	true	false	Known mitochondrial
ENSG00000089876	true	false	false	Known mitochondrial
ENSG00000090263	true	true	false	Known mitochondrial
ENSG00000090266	true	true	false	Known mitochondrial
ENSG00000090432	true	true	true	Known mitochondrial
ENSG00000090857	true	true	true	Known mitochondrial
ENSG00000091140	true	true	true	Known mitochondrial
ENSG00000091483	true	true	true	Known mitochondrial
ENSG00000093144	true	true	false	Known mitochondrial
ENSG00000095321	true	true	false	Known mitochondrial
ENSG00000096080	true	true	false	Known mitochondrial
ENSG00000096384	true	false	false	Predicted mitochondrial
ENSG00000097021	true	true	false	Known mitochondrial
ENSG00000097033	true	false	false	Known mitochondrial
ENSG00000099624	true	true	false	Known mitochondrial
ENSG00000099795	true	true	false	Known mitochondrial
ENSG00000099800	true	true	true	Known mitochondrial
ENSG00000099821	true	true	true	Known mitochondrial
ENSG00000099904	true	false	false	Known mitochondrial
ENSG00000099968	true	true	true	Known mitochondrial
ENSG00000100030	true	false	false	Predicted mitochondrial
ENSG00000100033	true	true	false	Known mitochondrial
ENSG00000100075	true	true	false	Known mitochondrial
ENSG00000100116	true	true	true	Known mitochondrial
ENSG00000100209	true	true	true	Known mitochondrial
ENSG00000100216	true	true	true	Known mitochondrial
ENSG00000100243	true	true	false	Known mitochondrial
ENSG00000100294	true	true	true	Known mitochondrial
ENSG00000100300	true	true	true	Known mitochondrial
ENSG00000100335	true	true	true	Known mitochondrial
ENSG00000100347	true	true	true	Known mitochondrial
ENSG00000100348	true	true	true	Known mitochondrial
ENSG00000100412	true	true	true	Known mitochondrial
ENSG00000100416	true	true	true	Known mitochondrial
ENSG00000100575	true	true	true	Known mitochondrial
ENSG00000100577	true	true	false	Known mitochondrial
ENSG00000100601	true	true	false	Known mitochondrial
ENSG00000100678	true	false	false	Known mitochondrial
ENSG00000100714	true	true	false	Predicted mitochondrial
ENSG00000100823	true	false	false	Known mitochondrial
ENSG00000100867	true	false	true	Known mitochondrial
ENSG00000100889	true	true	true	Known mitochondrial
ENSG00000100890	true	true	true	Known mitochondrial
ENSG00000101019	true	true	false	Known mitochondrial
ENSG00000101152	true	false	false	Predicted mitochondrial
ENSG00000101166	true	true	false	Predicted mitochondrial
ENSG00000101181	true	true	false	Known mitochondrial
ENSG00000101247	true	true	false	Known mitochondrial
ENSG00000101298	true	false	false	Known mitochondrial
ENSG00000101349	true	true	false	Known mitochondrial
ENSG00000101365	true	true	true	Known mitochondrial
ENSG00000101391	true	false	true	Known mitochondrial
ENSG00000101546	true	true	true	Known mitochondrial
ENSG00000102048	true	false	false	Known mitochondrial
ENSG00000102078	true	true	true	Known mitochondrial
ENSG00000102125	true	false	false	Known mitochondrial
ENSG00000102128	true	false	false	Known mitochondrial
ENSG00000102309	true	false	false	Known mitochondrial
ENSG00000102401	true	false	false	Known mitochondrial
ENSG00000102738	true	true	true	Known mitochondrial
ENSG00000102743	true	true	false	Known mitochondrial
ENSG00000102763	true	true	false	Known mitochondrial
ENSG00000102794	true	false	false	Predicted mitochondrial
ENSG00000102882	true	false	false	Predicted mitochondrial
ENSG00000102897	true	true	false	Known mitochondrial
ENSG00000102931	true	false	false	Known mitochondrial
ENSG00000102967	true	true	true	Known mitochondrial
ENSG00000103018	true	true	false	Known mitochondrial
ENSG00000103121	true	true	true	Known mitochondrial
ENSG00000103150	true	true	false	Known mitochondrial
ENSG00000103152	true	false	false	Known mitochondrial
ENSG00000103160	true	true	false	Known mitochondrial
ENSG00000103202	true	true	true	Known mitochondrial
ENSG00000103356	true	true	true	Known mitochondrial
ENSG00000103423	true	true	true	Known mitochondrial
ENSG00000103490	true	false	false	Known mitochondrial
ENSG00000103507	true	true	true	Known mitochondrial
ENSG00000103642	true	true	true	Known mitochondrial
ENSG00000103707	true	true	false	Known mitochondrial
ENSG00000104325	true	true	true	Known mitochondrial
ENSG00000104381	true	true	true	Known mitochondrial
ENSG00000104687	true	true	false	Known mitochondrial
ENSG00000104723	true	false	false	Predicted mitochondrial
ENSG00000104765	true	true	true	Known mitochondrial
ENSG00000104823	true	true	true	Known mitochondrial
ENSG00000104835	true	true	false	Known mitochondrial
ENSG00000104936	true	true	false	Known mitochondrial
ENSG00000104980	true	true	true	Known mitochondrial
ENSG00000105197	true	true	true	Known mitochondrial
ENSG00000105327	true	false	false	Known mitochondrial
ENSG00000105341	true	true	true	Known mitochondrial
ENSG00000105364	true	true	false	Known mitochondrial
ENSG00000105379	true	true	true	Known mitochondrial
ENSG00000105552	true	true	false	Known mitochondrial
ENSG00000105607	true	true	true	Known mitochondrial
ENSG00000105701	true	true	true	Known mitochondrial
ENSG00000105755	true	true	true	Known mitochondrial
ENSG00000105819	true	true	true	Known mitochondrial
ENSG00000105953	true	true	true	Known mitochondrial
ENSG00000106028	true	true	true	Known mitochondrial
ENSG00000106049	true	true	false	Known mitochondrial
ENSG00000106105	true	true	false	Known mitochondrial
ENSG00000106153	true	true	true	Known mitochondrial
ENSG00000106246	true	true	true	Known mitochondrial
ENSG00000106436	true	false	false	Predicted mitochondrial
ENSG00000106554	true	true	true	Known mitochondrial
ENSG00000106591	true	true	false	Known mitochondrial
ENSG00000106603	true	true	true	Known mitochondrial
ENSG00000107745	true	true	true	Known mitochondrial
ENSG00000107815	true	true	false	Known mitochondrial
ENSG00000107819	true	true	true	Known mitochondrial
ENSG00000107951	true	true	true	Known mitochondrial
ENSG00000107959	true	true	true	Known mitochondrial
ENSG00000108064	true	true	true	Known mitochondrial
ENSG00000108179	true	true	true	Known mitochondrial
ENSG00000108384	true	false	true	Known mitochondrial
ENSG00000108387	true	true	false	Known mitochondrial
ENSG00000108443	true	false	false	Known mitochondrial
ENSG00000108528	true	true	false	Known mitochondrial
ENSG00000108561	true	true	true	Known mitochondrial
ENSG00000108599	true	true	false	Known mitochondrial
ENSG00000108826	true	true	false	Known mitochondrial
ENSG00000108828	true	false	false	Predicted mitochondrial
ENSG00000108829	true	false	false	Known mitochondrial
ENSG00000108953	true	false	false	Predicted mitochondrial
ENSG00000109390	true	true	true	Known mitochondrial
ENSG00000109424	true	true	false	Known mitochondrial
ENSG00000109519	true	true	true	Known mitochondrial
ENSG00000109576	true	true	false	Known mitochondrial
ENSG00000109846	true	false	false	Predicted mitochondrial
ENSG00000109919	true	true	true	Known mitochondrial
ENSG00000110074	true	true	true	Known mitochondrial
ENSG00000110090	true	true	true	Known mitochondrial
ENSG00000110435	true	true	true	Known mitochondrial
ENSG00000110497	true	false	true	Predicted mitochondrial
ENSG00000110536	true	true	true	Known mitochondrial
ENSG00000110717	true	true	true	Known mitochondrial
ENSG00000110871	true	true	true	Known mitochondrial
ENSG00000110888	true	false	false	Known mitochondrial
ENSG00000110911	true	false	true	Known mitochondrial
ENSG00000110955	true	true	true	Known mitochondrial
ENSG00000111012	true	true	false	Known mitochondrial
ENSG00000111058	true	true	true	Known mitochondrial
ENSG00000111271	true	true	false	Known mitochondrial
ENSG00000111275	true	true	false	Known mitochondrial
ENSG00000111639	true	true	true	Known mitochondrial
ENSG00000111775	true	true	true	Known mitochondrial
ENSG00000111843	true	true	false	Known mitochondrial
ENSG00000112031	true	true	false	Known mitochondrial
ENSG00000112096	true	true	false	Known mitochondrial
ENSG00000112110	true	true	false	Known mitochondrial
ENSG00000112234	true	true	false	Known mitochondrial
ENSG00000112290	true	false	false	Known mitochondrial
ENSG00000112294	true	true	true	Known mitochondrial
ENSG00000112304	true	true	false	Predicted mitochondrial
ENSG00000112651	true	true	true	Known mitochondrial
ENSG00000112695	true	true	false	Known mitochondrial
ENSG00000112855	true	true	false	Known mitochondrial
ENSG00000112992	true	true	true	Known mitochondrial
ENSG00000112996	true	true	false	Known mitochondrial
ENSG00000113013	true	true	true	Known mitochondrial
ENSG00000113048	true	true	false	Known mitochondrial
ENSG00000113272	true	true	false	Known mitochondrial
ENSG00000113384	true	true	false	Known mitochondrial
ENSG00000113492	true	true	false	Known mitochondrial
ENSG00000113580	true	false	true	Known mitochondrial
ENSG00000113734	true	false	false	Known mitochondrial
ENSG00000113845	true	true	true	Known mitochondrial
ENSG00000114023	true	true	true	Known mitochondrial
ENSG00000114026	true	true	false	Known mitochondrial
ENSG00000114054	true	true	false	Known mitochondrial
ENSG00000114120	true	true	true	Known mitochondrial
ENSG00000114383	true	false	false	Predicted mitochondrial
ENSG00000114686	true	true	false	Known mitochondrial
ENSG00000114735	true	true	false	Predicted mitochondrial
ENSG00000114857	true	false	false	Predicted mitochondrial
ENSG00000114956	true	true	false	Known mitochondrial
ENSG00000115159	true	true	false	Known mitochondrial
ENSG00000115204	true	true	false	Known mitochondrial
ENSG00000115286	true	true	false	Known mitochondrial
ENSG00000115317	true	true	true	Known mitochondrial
ENSG00000115361	true	true	false	Known mitochondrial
ENSG00000115364	true	true	true	Known mitochondrial
ENSG00000115419	true	true	true	Known mitochondrial
ENSG00000115468	true	true	false	Known mitochondrial
ENSG00000115520	true	true	false	Known mitochondrial
ENSG00000115541	true	true	false	Known mitochondrial
ENSG00000115657	true	true	true	Known mitochondrial
ENSG00000115840	true	true	false	Known mitochondrial
ENSG00000115944	true	true	true	Known mitochondrial
ENSG00000116171	true	true	false	Known mitochondrial
ENSG00000116221	true	true	true	Known mitochondrial
ENSG00000116288	true	true	false	Known mitochondrial
ENSG00000116353	true	true	true	Known mitochondrial
ENSG00000116459	true	true	true	Known mitochondrial
ENSG00000116688	true	true	false	Known mitochondrial
ENSG00000116771	true	true	false	Known mitochondrial
ENSG00000116863	true	false	false	Known mitochondrial
ENSG00000116874	true	true	true	Known mitochondrial
ENSG00000116898	true	true	true	Known mitochondrial
ENSG00000117009	true	true	false	Known mitochondrial
ENSG00000117054	true	true	true	Known mitochondrial
ENSG00000117118	true	true	true	Known mitochondrial
ENSG00000117305	true	true	false	Known mitochondrial
ENSG00000117481	true	true	false	Known mitochondrial
ENSG00000117528	true	true	false	Predicted mitochondrial
ENSG00000117593	true	true	true	Known mitochondrial
ENSG00000117640	true	true	true	Known mitochondrial
ENSG00000117791	true	true	false	Known mitochondrial
ENSG00000118246	true	true	true	Known mitochondrial
ENSG00000118260	true	false	false	Known mitochondrial
ENSG00000118508	true	true	false	Known mitochondrial
ENSG00000118520	true	false	false	Predicted mitochondrial
ENSG00000118777	true	false	false	Known mitochondrial
ENSG00000119013	true	true	false	Known mitochondrial
ENSG00000119285	true	false	true	Predicted mitochondrial
ENSG00000119421	true	true	true	Known mitochondrial
ENSG00000119471	true	true	true	Known mitochondrial
ENSG00000119673	true	true	true	Known mitochondrial
ENSG00000119689	true	true	false	Known mitochondrial
ENSG00000119705	true	true	true	Known mitochondrial
ENSG00000119711	true	true	true	Known mitochondrial
ENSG00000119723	true	true	false	Known mitochondrial
ENSG00000119912	true	true	false	Known mitochondrial
ENSG00000119917	true	false	true	Predicted mitochondrial
ENSG00000119927	true	true	true	Known mitochondrial
ENSG00000120254	true	true	true	Known mitochondrial
ENSG00000120329	true	false	false	Known mitochondrial
ENSG00000120333	true	true	true	Known mitochondrial
ENSG00000120471	true	false	false	Known mitochondrial
ENSG00000120662	true	true	false	Known mitochondrial
ENSG00000120675	true	true	false	Known mitochondrial
ENSG00000120832	true	true	false	Known mitochondrial
ENSG00000120942	true	false	false	Known mitochondrial
ENSG00000121057	true	true	true	Known mitochondrial
ENSG00000121289	true	true	false	Known mitochondrial
ENSG00000121310	true	true	true	Known mitochondrial
ENSG00000121897	true	true	true	Known mitochondrial
ENSG00000122033	true	true	true	Known mitochondrial
ENSG00000122085	true	true	true	Known mitochondrial
ENSG00000122140	true	true	true	Known mitochondrial
ENSG00000122335	true	true	false	Known mitochondrial
ENSG00000122687	true	true	false	Known mitochondrial
ENSG00000122696	true	true	true	Known mitochondrial
ENSG00000122873	true	true	true	Known mitochondrial
ENSG00000122884	true	false	true	Predicted mitochondrial
ENSG00000122912	true	true	true	Known mitochondrial
ENSG00000122971	true	true	true	Known mitochondrial
ENSG00000123130	true	true	false	Known mitochondrial
ENSG00000123191	true	false	false	Known mitochondrial
ENSG00000123213	true	true	true	Known mitochondrial
ENSG00000123297	true	true	true	Known mitochondrial
ENSG00000123453	true	true	true	Known mitochondrial
ENSG00000123472	true	true	true	Known mitochondrial
ENSG00000123545	true	true	true	Known mitochondrial
ENSG00000123689	true	false	false	Known mitochondrial
ENSG00000123815	true	true	true	Known mitochondrial
ENSG00000123983	true	false	false	Known mitochondrial
ENSG00000124098	true	true	false	Known mitochondrial
ENSG00000124172	true	true	false	Known mitochondrial
ENSG00000124279	true	true	true	Known mitochondrial
ENSG00000124370	true	true	false	Known mitochondrial
ENSG00000124523	true	true	true	Known mitochondrial
ENSG00000124532	true	true	false	Known mitochondrial
ENSG00000124608	true	true	true	Known mitochondrial
ENSG00000125166	true	true	false	Known mitochondrial
ENSG00000125246	true	true	false	Known mitochondrial
ENSG00000125356	true	true	true	Known mitochondrial
ENSG00000125375	true	true	true	Known mitochondrial
ENSG00000125434	true	true	true	Known mitochondrial
ENSG00000125445	true	true	true	Known mitochondrial
ENSG00000125454	true	true	false	Known mitochondrial
ENSG00000125459	true	false	false	Known mitochondrial
ENSG00000125611	true	true	true	Known mitochondrial
ENSG00000125648	true	true	true	Known mitochondrial
ENSG00000125652	true	true	false	Known mitochondrial
ENSG00000125656	true	true	true	Known mitochondrial
ENSG00000125741	true	true	false	Known mitochondrial
ENSG00000125779	true	true	false	Known mitochondrial
ENSG00000125871	true	true	true	Known mitochondrial
ENSG00000125901	true	true	true	Known mitochondrial
ENSG00000125995	true	true	false	Known mitochondrial
ENSG00000126215	true	false	false	Known mitochondrial
ENSG00000126267	true	true	true	Known mitochondrial
ENSG00000126432	true	true	true	Known mitochondrial
ENSG00000126602	true	true	true	Known mitochondrial
ENSG00000126709	true	false	true	Known mitochondrial
ENSG00000126768	true	true	true	Known mitochondrial
ENSG00000126814	true	false	false	Known mitochondrial
ENSG00000126858	true	true	false	Known mitochondrial
ENSG00000126947	true	false	true	Predicted mitochondrial
ENSG00000126953	true	true	true	Known mitochondrial
ENSG00000127184	true	true	false	Known mitochondrial
ENSG00000127540	true	true	false	Known mitochondrial
ENSG00000127554	true	true	true	Known mitochondrial
ENSG00000127838	true	false	true	Known mitochondrial
ENSG00000127884	true	true	true	Known mitochondrial
ENSG00000127948	true	false	false	Predicted mitochondrial
ENSG00000127989	true	true	true	Known mitochondrial
ENSG00000128245	true	false	false	Predicted mitochondrial
ENSG00000128309	true	true	true	Known mitochondrial
ENSG00000128311	true	true	true	Known mitochondrial
ENSG00000128609	true	true	false	Known mitochondrial
ENSG00000128626	true	true	false	Known mitochondrial
ENSG00000128654	true	true	true	Known mitochondrial
ENSG00000128694	true	true	true	Known mitochondrial
ENSG00000128928	true	true	true	Known mitochondrial
ENSG00000128951	true	true	false	Known mitochondrial
ENSG00000129465	true	false	false	Known mitochondrial
ENSG00000130159	true	true	false	Known mitochondrial
ENSG00000130204	true	true	true	Known mitochondrial
ENSG00000130299	true	true	true	Known mitochondrial
ENSG00000130304	true	false	false	Predicted mitochondrial
ENSG00000130312	true	true	false	Known mitochondrial
ENSG00000130347	true	true	false	Known mitochondrial
ENSG00000130348	true	true	false	Known mitochondrial
ENSG00000130349	true	true	false	Predicted mitochondrial
ENSG00000130414	true	true	true	Known mitochondrial
ENSG00000130489	true	true	true	Known mitochondrial
ENSG00000130707	true	false	false	Predicted mitochondrial
ENSG00000130734	true	false	false	Predicted mitochondrial
ENSG00000130770	true	true	true	Known mitochondrial
ENSG00000130921	true	true	true	Known mitochondrial
ENSG00000130985	true	false	false	Known mitochondrial
ENSG00000131055	true	true	false	Known mitochondrial
ENSG00000131143	true	true	true	Known mitochondrial
ENSG00000131148	true	false	false	Known mitochondrial
ENSG00000131174	true	true	false	Known mitochondrial
ENSG00000131269	true	true	true	Known mitochondrial
ENSG00000131368	true	true	true	Known mitochondrial
ENSG00000131370	true	false	false	Predicted mitochondrial
ENSG00000131495	true	true	false	Known mitochondrial
ENSG00000131730	true	true	false	Known mitochondrial
ENSG00000131828	true	true	true	Known mitochondrial
ENSG00000131844	true	true	true	Known mitochondrial
ENSG00000131943	true	false	false	Known mitochondrial
ENSG00000132153	true	true	true	Known mitochondrial
ENSG00000132199	true	false	false	Known mitochondrial
ENSG00000132286	true	true	false	Known mitochondrial
ENSG00000132300	true	true	true	Known mitochondrial
ENSG00000132305	true	true	true	Known mitochondrial
ENSG00000132313	true	true	false	Known mitochondrial
ENSG00000132423	true	true	true	Known mitochondrial
ENSG00000132463	true	true	true	Known mitochondrial
ENSG00000132530	true	false	true	Predicted mitochondrial
ENSG00000132541	true	true	false	Known mitochondrial
ENSG00000132591	true	true	true	Known mitochondrial
ENSG00000132676	true	true	true	Known mitochondrial
ENSG00000132781	true	true	false	Predicted mitochondrial
ENSG00000132837	true	true	true	Known mitochondrial
ENSG00000133028	true	true	false	Known mitochondrial
ENSG00000133104	true	false	false	Known mitochondrial
ENSG00000133121	true	false	false	Predicted mitochondrial
ENSG00000133943	true	true	false	Known mitochondrial
ENSG00000133983	true	true	true	Known mitochondrial
ENSG00000134056	true	true	true	Known mitochondrial
ENSG00000134240	true	true	true	Known mitochondrial
ENSG00000134265	true	false	false	Known mitochondrial
ENSG00000134308	true	false	false	Predicted mitochondrial
ENSG00000134326	true	true	true	Known mitochondrial
ENSG00000134375	true	true	true	Known mitochondrial
ENSG00000134463	true	true	true	Known mitochondrial
ENSG00000134809	true	true	true	Known mitochondrial
ENSG00000134884	true	false	true	Predicted mitochondrial
ENSG00000134905	true	true	true	Known mitochondrial
ENSG00000135046	true	false	false	Predicted mitochondrial
ENSG00000135070	true	true	false	Known mitochondrial
ENSG00000135093	true	false	false	Known mitochondrial
ENSG00000135116	true	false	false	Predicted mitochondrial
ENSG00000135297	true	true	false	Known mitochondrial
ENSG00000135390	true	true	false	Known mitochondrial
ENSG00000135423	true	true	false	Known mitochondrial
ENSG00000135441	true	true	false	Known mitochondrial
ENSG00000135469	true	true	false	Known mitochondrial
ENSG00000135537	true	true	false	Known mitochondrial
ENSG00000135631	true	true	false	Known mitochondrial
ENSG00000135776	true	true	false	Known mitochondrial
ENSG00000135821	true	false	true	Predicted mitochondrial
ENSG00000135828	true	false	false	Known mitochondrial
ENSG00000135900	true	true	true	Known mitochondrial
ENSG00000135929	true	true	true	Known mitochondrial
ENSG00000135940	true	true	true	Known mitochondrial
ENSG00000135972	true	true	true	Known mitochondrial
ENSG00000136003	true	true	false	Known mitochondrial
ENSG00000136010	true	true	true	Known mitochondrial
ENSG00000136143	true	true	true	Known mitochondrial
ENSG00000136270	true	true	true	Known mitochondrial
ENSG00000136371	true	true	false	Known mitochondrial
ENSG00000136444	true	true	false	Known mitochondrial
ENSG00000136463	true	true	true	Known mitochondrial
ENSG00000136521	true	true	true	Known mitochondrial
ENSG00000136522	true	true	true	Known mitochondrial
ENSG00000136758	true	true	true	Known mitochondrial
ENSG00000136783	true	true	false	Known mitochondrial
ENSG00000136854	true	false	false	Predicted mitochondrial
ENSG00000136874	true	true	false	Known mitochondrial
ENSG00000136877	true	true	false	Known mitochondrial
ENSG00000136897	true	true	false	Known mitochondrial
ENSG00000137038	true	false	false	Predicted mitochondrial
ENSG00000137124	true	true	true	Known mitochondrial
ENSG00000137133	true	true	true	Known mitochondrial
ENSG00000137274	true	true	true	Predicted mitochondrial
ENSG00000137288	true	true	true	Known mitochondrial
ENSG00000137393	true	false	true	Predicted mitochondrial
ENSG00000137409	true	true	false	Known mitochondrial
ENSG00000137411	true	true	true	Known mitochondrial
ENSG00000137463	true	true	true	Known mitochondrial
ENSG00000137500	true	true	true	Known mitochondrial
ENSG00000137513	true	true	true	Known mitochondrial
ENSG00000137547	true	true	false	Known mitochondrial
ENSG00000137714	true	true	true	Known mitochondrial
ENSG00000137767	true	true	true	Known mitochondrial
ENSG00000137806	true	true	false	Known mitochondrial
ENSG00000137824	true	true	true	Known mitochondrial
ENSG00000137992	true	true	true	Known mitochondrial
ENSG00000138029	true	true	true	Known mitochondrial
ENSG00000138035	true	true	true	Known mitochondrial
ENSG00000138095	true	true	true	Known mitochondrial
ENSG00000138346	true	true	true	Known mitochondrial
ENSG00000138399	true	true	false	Known mitochondrial
ENSG00000138413	true	true	false	Predicted mitochondrial
ENSG00000138495	true	true	true	Known mitochondrial
ENSG00000138777	true	true	true	Known mitochondrial
ENSG00000138796	true	true	true	Known mitochondrial
ENSG00000138942	true	false	false	Known mitochondrial
ENSG00000139131	true	true	true	Known mitochondrial
ENSG00000139160	true	false	false	Known mitochondrial
ENSG00000139180	true	true	true	Known mitochondrial
ENSG00000139190	true	false	false	Known mitochondrial
ENSG00000139428	true	true	true	Known mitochondrial
ENSG00000139437	true	true	false	Known mitochondrial
ENSG00000139531	true	true	false	Known mitochondrial
ENSG00000139637	true	true	false	Known mitochondrial
ENSG00000139644	true	false	false	Predicted mitochondrial
ENSG00000140009	true	false	false	Known mitochondrial
ENSG00000140107	true	true	false	Predicted mitochondrial
ENSG00000140374	true	true	true	Known mitochondrial
ENSG00000140451	true	true	false	Known mitochondrial
ENSG00000140459	true	true	false	Known mitochondrial
ENSG00000140465	true	false	false	Known mitochondrial
ENSG00000140521	true	true	false	Known mitochondrial
ENSG00000140740	true	true	true	Known mitochondrial
ENSG00000140905	true	true	false	Known mitochondrial
ENSG00000140939	true	false	false	Known mitochondrial
ENSG00000140983	true	true	false	Known mitochondrial
ENSG00000140990	true	true	false	Known mitochondrial
ENSG00000141338	true	false	false	Predicted mitochondrial
ENSG00000141378	true	true	true	Known mitochondrial
ENSG00000141385	true	true	true	Known mitochondrial
ENSG00000141391	true	true	false	Predicted mitochondrial
ENSG00000141437	true	false	true	Known mitochondrial
ENSG00000141682	true	true	false	Known mitochondrial
ENSG00000142082	true	true	false	Known mitochondrial
ENSG00000142168	true	true	false	Predicted mitochondrial
ENSG00000142208	true	false	false	Known mitochondrial
ENSG00000142330	true	false	false	Known mitochondrial
ENSG00000142444	true	true	true	Predicted mitochondrial
ENSG00000143158	true	true	false	Known mitochondrial
ENSG00000143199	true	false	false	Known mitochondrial
ENSG00000143224	true	true	true	Known mitochondrial
ENSG00000143252	true	true	false	Known mitochondrial
ENSG00000143314	true	true	false	Known mitochondrial
ENSG00000143374	true	true	false	Known mitochondrial
ENSG00000143384	true	false	true	Known mitochondrial
ENSG00000143436	true	true	true	Known mitochondrial
ENSG00000143554	true	false	false	Predicted mitochondrial
ENSG00000143575	true	false	true	Known mitochondrial
ENSG00000143653	true	true	false	Known mitochondrial
ENSG00000143799	true	false	false	Known mitochondrial
ENSG00000143811	true	true	true	Known mitochondrial
ENSG00000144029	true	true	true	Known mitochondrial
ENSG00000144040	true	true	true	Known mitochondrial
ENSG00000144120	true	true	false	Known mitochondrial
ENSG00000144182	true	true	false	Known mitochondrial
ENSG00000144381	true	true	true	Known mitochondrial
ENSG00000144559	true	true	false	Known mitochondrial
ENSG00000144659	true	true	false	Known mitochondrial
ENSG00000144741	true	true	true	Known mitochondrial
ENSG00000144827	true	true	true	Known mitochondrial
ENSG00000145020	true	true	true	Known mitochondrial
ENSG00000145335	true	false	false	Known mitochondrial
ENSG00000145337	true	true	false	Known mitochondrial
ENSG00000145354	true	true	false	Known mitochondrial
ENSG00000145375	true	false	false	Known mitochondrial
ENSG00000145439	true	true	false	Known mitochondrial
ENSG00000145494	true	true	false	Known mitochondrial
ENSG00000145832	true	true	false	Known mitochondrial
ENSG00000145982	true	true	false	Known mitochondrial
ENSG00000146066	true	true	true	Known mitochondrial
ENSG00000146085	true	true	true	Known mitochondrial
ENSG00000146282	true	true	false	Known mitochondrial
ENSG00000146410	true	false	false	Known mitochondrial
ENSG00000146701	true	true	true	Known mitochondrial
ENSG00000146729	true	true	true	Known mitochondrial
ENSG00000147123	true	true	true	Known mitochondrial
ENSG00000147162	true	false	false	Known mitochondrial
ENSG00000147454	true	true	false	Known mitochondrial
ENSG00000147465	true	true	false	Known mitochondrial
ENSG00000147576	true	true	false	Known mitochondrial
ENSG00000147586	true	true	true	Known mitochondrial
ENSG00000147592	true	true	false	Predicted mitochondrial
ENSG00000147684	true	true	true	Known mitochondrial
ENSG00000147853	true	true	true	Known mitochondrial
ENSG00000148090	true	true	false	Known mitochondrial
ENSG00000148187	true	true	false	Known mitochondrial
ENSG00000148290	true	true	false	Known mitochondrial
ENSG00000148334	true	true	true	Known mitochondrial
ENSG00000148339	true	true	true	Known mitochondrial
ENSG00000148343	true	false	false	Predicted mitochondrial
ENSG00000148450	true	true	false	Known mitochondrial
ENSG00000148459	true	true	false	Known mitochondrial
ENSG00000148672	true	true	true	Known mitochondrial
ENSG00000148824	true	true	true	Known mitochondrial
ENSG00000148950	true	true	false	Known mitochondrial
ENSG00000149124	true	true	false	Known mitochondrial
ENSG00000149273	true	false	false	Known mitochondrial
ENSG00000149485	true	false	false	Known mitochondrial
ENSG00000149792	true	true	false	Known mitochondrial
ENSG00000150768	true	true	true	Known mitochondrial
ENSG00000150779	true	true	false	Known mitochondrial
ENSG00000150787	true	true	false	Predicted mitochondrial
ENSG00000151093	true	true	true	Known mitochondrial
ENSG00000151366	true	true	true	Known mitochondrial
ENSG00000151376	true	true	false	Known mitochondrial
ENSG00000151413	true	true	true	Known mitochondrial
ENSG00000151475	true	true	true	Known mitochondrial
ENSG00000151498	true	true	false	Known mitochondrial
ENSG00000151576	true	false	false	Known mitochondrial
ENSG00000151611	true	false	false	Known mitochondrial
ENSG00000151726	true	true	true	Known mitochondrial
ENSG00000151729	true	true	true	Known mitochondrial
ENSG00000151806	true	true	true	Known mitochondrial
ENSG00000152234	true	true	true	Known mitochondrial
ENSG00000152256	true	true	true	Known mitochondrial
ENSG00000152620	true	true	false	Known mitochondrial
ENSG00000152661	true	false	false	Known mitochondrial
ENSG00000153291	true	true	true	Known mitochondrial
ENSG00000153820	true	false	false	Known mitochondrial
ENSG00000154079	true	true	true	Known mitochondrial
ENSG00000154174	true	true	true	Known mitochondrial
ENSG00000154229	true	false	false	Predicted mitochondrial
ENSG00000154237	true	false	true	Predicted mitochondrial
ENSG00000154518	true	true	false	Known mitochondrial
ENSG00000154719	true	true	false	Known mitochondrial
ENSG00000154723	true	true	true	Known mitochondrial
ENSG00000154814	true	true	false	Known mitochondrial
ENSG00000154930	true	true	false	Known mitochondrial
ENSG00000155008	true	true	true	Known mitochondrial
ENSG00000155189	true	true	false	Known mitochondrial
ENSG00000155287	true	true	false	Known mitochondrial
ENSG00000155463	true	true	true	Known mitochondrial
ENSG00000155906	true	true	true	Known mitochondrial
ENSG00000155970	true	false	false	Known mitochondrial
ENSG00000156026	true	true	true	Known mitochondrial
ENSG00000156170	true	true	false	Known mitochondrial
ENSG00000156398	true	true	true	Predicted mitochondrial
ENSG00000156411	true	true	true	Known mitochondrial
ENSG00000156467	true	true	false	Known mitochondrial
ENSG00000156469	true	true	true	Known mitochondrial
ENSG00000156502	true	true	true	Known mitochondrial
ENSG00000156510	true	false	true	Predicted mitochondrial
ENSG00000156515	true	true	true	Known mitochondrial
ENSG00000156709	true	true	false	Known mitochondrial
ENSG00000156885	true	true	false	Known mitochondrial
ENSG00000156928	true	true	true	Known mitochondrial
ENSG00000156990	true	true	false	Known mitochondrial
ENSG00000157036	true	true	false	Known mitochondrial
ENSG00000157184	true	true	true	Known mitochondrial
ENSG00000157326	true	true	false	Predicted mitochondrial
ENSG00000158042	true	true	false	Known mitochondrial
ENSG00000158578	true	true	false	Known mitochondrial
ENSG00000158793	true	true	false	Known mitochondrial
ENSG00000158828	true	true	false	Known mitochondrial
ENSG00000158864	true	true	true	Known mitochondrial
ENSG00000158882	true	true	false	Known mitochondrial
ENSG00000159111	true	true	true	Known mitochondrial
ENSG00000159199	true	true	false	Known mitochondrial
ENSG00000159348	true	false	false	Predicted mitochondrial
ENSG00000159399	true	true	false	Known mitochondrial
ENSG00000159423	true	true	false	Known mitochondrial
ENSG00000159445	true	true	false	Known mitochondrial
ENSG00000159685	true	true	true	Known mitochondrial
ENSG00000160072	true	true	true	Known mitochondrial
ENSG00000160124	true	true	true	Known mitochondrial
ENSG00000160194	true	true	true	Known mitochondrial
ENSG00000160221	true	true	true	Known mitochondrial
ENSG00000160439	true	true	true	Predicted mitochondrial
ENSG00000160471	true	true	false	Known mitochondrial
ENSG00000160688	true	true	false	Known mitochondrial
ENSG00000160691	true	false	false	Known mitochondrial
ENSG00000160703	true	true	true	Known mitochondrial
ENSG00000160785	true	true	true	Known mitochondrial
ENSG00000160882	true	false	false	Known mitochondrial
ENSG00000161267	true	true	true	Known mitochondrial
ENSG00000161281	true	true	false	Known mitochondrial
ENSG00000161513	true	true	true	Known mitochondrial
ENSG00000161558	true	true	false	Predicted mitochondrial
ENSG00000161653	true	true	true	Known mitochondrial
ENSG00000162129	true	true	false	Known mitochondrial
ENSG00000162241	true	true	false	Known mitochondrial
ENSG00000162377	true	true	true	Known mitochondrial
ENSG00000162396	true	true	true	Known mitochondrial
ENSG00000162398	true	false	false	Predicted mitochondrial
ENSG00000162433	true	true	true	Known mitochondrial
ENSG00000162461	true	true	true	Known mitochondrial
ENSG00000162600	true	true	true	Known mitochondrial
ENSG00000162670	true	false	false	Known mitochondrial
ENSG00000162769	true	false	false	Known mitochondrial
ENSG00000162836	true	true	false	Known mitochondrial
ENSG00000162851	true	true	true	Known mitochondrial
ENSG00000162910	true	true	false	Known mitochondrial
ENSG00000162946	true	false	false	Known mitochondrial
ENSG00000162972	true	true	true	Known mitochondrial
ENSG00000163050	true	true	true	Known mitochondrial
ENSG00000163071	true	false	false	Known mitochondrial
ENSG00000163114	true	true	true	Known mitochondrial
ENSG00000163170	true	true	false	Known mitochondrial
ENSG00000163206	true	false	false	Known mitochondrial
ENSG00000163319	true	true	false	Known mitochondrial
ENSG00000163382	true	true	false	Known mitochondrial
ENSG00000163528	true	true	true	Known mitochondrial
ENSG00000163541	true	true	true	Known mitochondrial
ENSG00000163607	true	false	true	Predicted mitochondrial
ENSG00000163626	true	true	false	Known mitochondrial
ENSG00000163644	true	true	true	Known mitochondrial
ENSG00000163738	true	true	false	Known mitochondrial
ENSG00000163864	true	true	true	Known mitochondrial
ENSG00000164038	true	false	false	Known mitochondrial
ENSG00000164163	true	false	false	Predicted mitochondrial
ENSG00000164182	true	true	true	Known mitochondrial
ENSG00000164209	true	true	true	Known mitochondrial
ENSG00000164258	true	true	true	Known mitochondrial
ENSG00000164284	true	true	true	Known mitochondrial
ENSG00000164306	true	false	false	Known mitochondrial
ENSG00000164347	true	true	false	Known mitochondrial
ENSG00000164362	true	false	false	Known mitochondrial
ENSG00000164398	true	true	false	Predicted mitochondrial
ENSG00000164405	true	true	true	Known mitochondrial
ENSG00000164466	true	true	true	Known mitochondrial
ENSG00000164494	true	true	false	Known mitochondrial
ENSG00000164830	true	true	false	Known mitochondrial
ENSG00000164896	true	true	true	Known mitochondrial
ENSG00000164898	true	true	true	Known mitochondrial
ENSG00000164904	true	true	true	Known mitochondrial
ENSG00000164919	true	true	true	Known mitochondrial
ENSG00000164924	true	false	false	Predicted mitochondrial
ENSG00000164933	true	true	true	Known mitochondrial
ENSG00000164951	true	true	true	Known mitochondrial
ENSG00000164978	true	true	false	Predicted mitochondrial
ENSG00000164983	true	true	false	Known mitochondrial
ENSG00000165028	true	true	false	Predicted mitochondrial
ENSG00000165046	true	true	false	Known mitochondrial
ENSG00000165060	true	true	true	Known mitochondrial
ENSG00000165233	true	false	true	Predicted mitochondrial
ENSG00000165264	true	true	true	Known mitochondrial
ENSG00000165283	true	true	false	Known mitochondrial
ENSG00000165487	true	true	true	Known mitochondrial
ENSG00000165507	true	true	false	Known mitochondrial
ENSG00000165526	true	true	true	Known mitochondrial
ENSG00000165553	true	false	false	Predicted mitochondrial
ENSG00000165629	true	true	false	Known mitochondrial
ENSG00000165637	true	true	true	Known mitochondrial
ENSG00000165672	true	true	false	Known mitochondrial
ENSG00000165678	true	true	true	Known mitochondrial
ENSG00000165688	true	true	true	Known mitochondrial
ENSG00000165775	true	true	false	Known mitochondrial
ENSG00000165792	true	true	false	Predicted mitochondrial
ENSG00000165898	true	true	false	Known mitochondrial
ENSG00000165949	true	true	false	Known mitochondrial
ENSG00000166118	true	true	false	Known mitochondrial
ENSG00000166123	true	true	true	Known mitochondrial
ENSG00000166136	true	true	true	Known mitochondrial
ENSG00000166170	true	false	false	Known mitochondrial
ENSG00000166199	true	true	false	Predicted mitochondrial
ENSG00000166260	true	true	false	Known mitochondrial
ENSG00000166321	true	true	false	Known mitochondrial
ENSG00000166347	true	true	false	Predicted mitochondrial
ENSG00000166411	true	true	true	Known mitochondrial
ENSG00000166548	true	true	false	Known mitochondrial
ENSG00000166743	true	true	false	Known mitochondrial
ENSG00000166816	true	true	false	Known mitochondrial
ENSG00000166855	true	true	true	Known mitochondrial
ENSG00000166902	true	true	false	Known mitochondrial
ENSG00000167065	true	false	false	Known mitochondrial
ENSG00000167085	true	true	true	Known mitochondrial
ENSG00000167107	true	true	false	Known mitochondrial
ENSG00000167112	true	true	false	Known mitochondrial
ENSG00000167113	true	true	true	Known mitochondrial
ENSG00000167136	true	true	false	Known mitochondrial
ENSG00000167186	true	true	false	Known mitochondrial
ENSG00000167283	true	true	true	Known mitochondrial
ENSG00000167315	true	true	true	Known mitochondrial
ENSG00000167468	true	true	true	Known mitochondrial
ENSG00000167654	true	false	false	Predicted mitochondrial
ENSG00000167699	true	true	false	Known mitochondrial
ENSG00000167716	true	true	false	Known mitochondrial
ENSG00000167755	true	false	false	Known mitochondrial
ENSG00000167792	true	true	true	Known mitochondrial
ENSG00000167862	true	true	true	Known mitochondrial
ENSG00000167863	true	true	false	Known mitochondrial
ENSG00000167969	true	true	false	Known mitochondrial
ENSG00000167985	true	true	true	Known mitochondrial
ENSG00000168209	true	false	false	Known mitochondrial
ENSG00000168237	true	true	false	Known mitochondrial
ENSG00000168275	true	true	true	Known mitochondrial
ENSG00000168288	true	true	false	Known mitochondrial
ENSG00000168291	true	true	true	Known mitochondrial
ENSG00000168314	true	false	false	Known mitochondrial
ENSG00000168393	true	true	true	Predicted mitochondrial
ENSG00000168496	true	false	false	Known mitochondrial
ENSG00000168569	true	false	true	Predicted mitochondrial
ENSG00000168610	true	false	false	Known mitochondrial
ENSG00000168653	true	true	false	Known mitochondrial
ENSG00000168827	true	true	true	Known mitochondrial
ENSG00000168924	true	true	true	Known mitochondrial
ENSG00000168958	true	true	true	Known mitochondrial
ENSG00000169020	true	true	true	Known mitochondrial
ENSG00000169021	true	true	true	Known mitochondrial
ENSG00000169100	true	true	true	Known mitochondrial
ENSG00000169188	true	true	false	Known mitochondrial
ENSG00000169230	true	true	true	Known mitochondrial
ENSG00000169239	true	true	true	Known mitochondrial
ENSG00000169288	true	true	true	Known mitochondrial
ENSG00000169313	true	false	false	Known mitochondrial
ENSG00000169504	true	true	false	Known mitochondrial
ENSG00000169599	true	true	false	Known mitochondrial
ENSG00000169682	true	false	false	Known mitochondrial
ENSG00000169860	true	false	false	Known mitochondrial
ENSG00000170312	true	false	false	Known mitochondrial
ENSG00000170502	true	true	false	Known mitochondrial
ENSG00000170516	true	false	false	Known mitochondrial
ENSG00000170632	true	true	true	Known mitochondrial
ENSG00000170791	true	true	false	Predicted mitochondrial
ENSG00000170855	true	true	true	Known mitochondrial
ENSG00000170906	true	true	false	Known mitochondrial
ENSG00000170917	true	true	false	Known mitochondrial
ENSG00000171103	true	true	false	Known mitochondrial
ENSG00000171109	true	true	true	Known mitochondrial
ENSG00000171132	true	false	false	Known mitochondrial
ENSG00000171202	true	true	false	Known mitochondrial
ENSG00000171204	true	true	true	Known mitochondrial
ENSG00000171421	true	true	true	Known mitochondrial
ENSG00000171503	true	true	false	Known mitochondrial
ENSG00000171552	true	true	true	Known mitochondrial
ENSG00000171612	true	true	false	Known mitochondrial
ENSG00000171766	true	true	true	Known mitochondrial
ENSG00000171791	true	true	false	Known mitochondrial
ENSG00000171861	true	true	true	Known mitochondrial
ENSG00000171953	true	true	false	Known mitochondrial
ENSG00000172113	true	true	false	Known mitochondrial
ENSG00000172115	true	true	true	Known mitochondrial
ENSG00000172171	true	true	true	Known mitochondrial
ENSG00000172172	true	true	false	Known mitochondrial
ENSG00000172270	true	false	false	Predicted mitochondrial
ENSG00000172340	true	true	true	Known mitochondrial
ENSG00000172482	true	true	false	Predicted mitochondrial
ENSG00000172586	true	true	true	Known mitochondrial
ENSG00000172590	true	true	true	Known mitochondrial
ENSG00000172840	true	true	true	Known mitochondrial
ENSG00000172878	true	true	false	Known mitochondrial
ENSG00000173085	true	true	false	Known mitochondrial
ENSG00000173124	true	false	false	Known mitochondrial
ENSG00000173141	true	true	true	Known mitochondrial
ENSG00000173171	true	true	true	Known mitochondrial
ENSG00000173436	true	true	true	Known mitochondrial
ENSG00000173599	true	true	true	Known mitochondrial
ENSG00000173660	true	true	false	Known mitochondrial
ENSG00000173681	true	false	false	Predicted mitochondrial
ENSG00000173726	true	true	true	Known mitochondrial
ENSG00000173786	true	false	false	Known mitochondrial
ENSG00000173915	true	true	true	Known mitochondrial
ENSG00000174032	true	true	false	Known mitochondrial
ENSG00000174099	true	true	false	Known mitochondrial
ENSG00000174173	true	true	true	Known mitochondrial
ENSG00000174547	true	true	true	Known mitochondrial
ENSG00000174740	true	true	false	Known mitochondrial
ENSG00000174840	true	true	false	Known mitochondrial
ENSG00000174886	true	true	false	Known mitochondrial
ENSG00000174917	true	true	true	Known mitochondrial
ENSG00000174990	true	true	false	Known mitochondrial
ENSG00000175110	true	true	true	Known mitochondrial
ENSG00000175193	true	true	true	Known mitochondrial
ENSG00000175198	true	true	false	Known mitochondrial
ENSG00000175309	true	false	true	Known mitochondrial
ENSG00000175536	true	true	false	Known mitochondrial
ENSG00000175564	true	true	false	Known mitochondrial
ENSG00000175567	true	true	true	Known mitochondrial
ENSG00000175581	true	true	false	Known mitochondrial
ENSG00000175600	true	true	false	Known mitochondrial
ENSG00000175606	true	true	true	Known mitochondrial
ENSG00000175727	true	false	false	Known mitochondrial
ENSG00000175756	true	true	true	Known mitochondrial
ENSG00000175768	true	true	true	Known mitochondrial
ENSG00000175806	true	true	false	Known mitochondrial
ENSG00000176171	true	true	false	Known mitochondrial
ENSG00000176340	true	true	false	Known mitochondrial
ENSG00000176715	true	true	false	Known mitochondrial
ENSG00000176890	true	false	false	Known mitochondrial
ENSG00000177034	true	false	true	Known mitochondrial
ENSG00000177150	true	true	true	Predicted mitochondrial
ENSG00000177192	true	true	true	Known mitochondrial
ENSG00000177370	true	true	false	Known mitochondrial
ENSG00000177427	true	false	false	Known mitochondrial
ENSG00000177542	true	true	true	Known mitochondrial
ENSG00000177646	true	true	true	Known mitochondrial
ENSG00000178057	true	true	false	Known mitochondrial
ENSG00000178096	true	true	false	Predicted mitochondrial
ENSG00000178127	true	true	true	Known mitochondrial
ENSG00000178307	true	true	true	Known mitochondrial
ENSG00000178445	true	true	true	Known mitochondrial
ENSG00000178449	true	true	true	Known mitochondrial
ENSG00000178537	true	true	true	Known mitochondrial
ENSG00000178694	true	true	false	Known mitochondrial
ENSG00000178700	true	false	true	Known mitochondrial
ENSG00000178741	true	true	false	Known mitochondrial
ENSG00000178952	true	true	true	Known mitochondrial
ENSG00000179091	true	true	true	Known mitochondrial
ENSG00000179142	true	true	false	Known mitochondrial
ENSG00000179152	true	true	false	Known mitochondrial
ENSG00000179271	true	true	true	Known mitochondrial
ENSG00000179295	true	false	false	Known mitochondrial
ENSG00000179364	true	false	true	Known mitochondrial
ENSG00000179598	true	false	false	Known mitochondrial
ENSG00000179933	true	false	true	Predicted mitochondrial
ENSG00000180185	true	true	true	Known mitochondrial
ENSG00000180389	true	false	false	Known mitochondrial
ENSG00000180488	true	false	true	Predicted mitochondrial
ENSG00000180902	true	true	true	Known mitochondrial
ENSG00000180992	true	true	true	Known mitochondrial
ENSG00000181035	true	true	true	Known mitochondrial
ENSG00000181061	true	true	true	Known mitochondrial
ENSG00000181192	true	true	true	Known mitochondrial
ENSG00000181240	true	true	false	Known mitochondrial
ENSG00000181610	true	true	true	Known mitochondrial
ENSG00000181867	true	true	false	Known mitochondrial
ENSG00000181873	true	true	true	Known mitochondrial
ENSG00000181915	true	false	false	Predicted mitochondrial
ENSG00000181924	true	true	true	Known mitochondrial
ENSG00000181991	true	true	true	Known mitochondrial
ENSG00000182054	true	true	true	Known mitochondrial
ENSG00000182134	true	true	false	Known mitochondrial
ENSG00000182150	true	false	false	Known mitochondrial
ENSG00000182154	true	true	true	Known mitochondrial
ENSG00000182180	true	true	true	Known mitochondrial
ENSG00000182199	true	true	true	Known mitochondrial
ENSG00000182346	true	false	false	Known mitochondrial
ENSG00000182512	true	true	true	Known mitochondrial
ENSG00000182712	true	true	true	Predicted mitochondrial
ENSG00000182810	true	true	true	Known mitochondrial
ENSG00000182827	true	false	false	Known mitochondrial
ENSG00000182890	true	false	true	Known mitochondrial
ENSG00000182902	true	true	false	Known mitochondrial
ENSG00000183010	true	true	false	Known mitochondrial
ENSG00000183032	true	true	false	Known mitochondrial
ENSG00000183044	true	true	true	Known mitochondrial
ENSG00000183048	true	true	true	Known mitochondrial
ENSG00000183172	true	true	true	Known mitochondrial
ENSG00000183513	true	true	true	Known mitochondrial
ENSG00000183549	true	true	false	Known mitochondrial
ENSG00000183605	true	true	false	Known mitochondrial
ENSG00000183617	true	true	true	Known mitochondrial
ENSG00000183648	true	true	true	Known mitochondrial
ENSG00000183747	true	true	false	Known mitochondrial
ENSG00000183773	true	true	true	Known mitochondrial
ENSG00000183833	true	false	false	Known mitochondrial
ENSG00000183978	true	true	true	Known mitochondrial
ENSG00000184047	true	true	true	Known mitochondrial
ENSG00000184076	true	true	false	Known mitochondrial
ENSG00000184117	true	true	false	Known mitochondrial
ENSG00000184347	true	false	false	Known mitochondrial
ENSG00000184428	true	true	true	Known mitochondrial
ENSG00000184470	true	true	true	Known mitochondrial
ENSG00000184524	true	false	true	Predicted mitochondrial
ENSG00000184752	true	true	true	Known mitochondrial
ENSG00000184831	true	true	true	Known mitochondrial
ENSG00000184857	true	true	false	Predicted mitochondrial
ENSG00000184867	true	false	true	Predicted mitochondrial
ENSG00000184903	true	true	true	Known mitochondrial
ENSG00000184983	true	true	false	Known mitochondrial
ENSG00000184992	true	false	true	Predicted mitochondrial
ENSG00000185414	true	true	false	Known mitochondrial
ENSG00000185608	true	true	true	Known mitochondrial
ENSG00000185633	true	false	true	Known mitochondrial
ENSG00000185818	true	false	true	Known mitochondrial
ENSG00000185973	true	true	true	Known mitochondrial
ENSG00000186010	true	true	true	Known mitochondrial
ENSG00000186205	true	true	true	Known mitochondrial
ENSG00000186281	true	false	true	Known mitochondrial
ENSG00000186298	true	false	false	Predicted mitochondrial
ENSG00000186314	true	true	false	Predicted mitochondrial
ENSG00000186642	true	false	false	Known mitochondrial
ENSG00000186687	true	true	false	Known mitochondrial
ENSG00000187118	true	true	false	Known mitochondrial
ENSG00000187486	true	false	false	Known mitochondrial
ENSG00000187581	true	true	false	Known mitochondrial
ENSG00000187742	true	true	false	Known mitochondrial
ENSG00000188130	true	false	false	Known mitochondrial
ENSG00000188277	true	false	false	Known mitochondrial
ENSG00000188554	true	true	false	Known mitochondrial
ENSG00000188611	true	true	false	Known mitochondrial
ENSG00000188738	true	false	true	Predicted mitochondrial
ENSG00000188906	true	false	false	Known mitochondrial
ENSG00000189037	true	false	false	Known mitochondrial
ENSG00000189043	true	true	true	Known mitochondrial
ENSG00000189221	true	true	true	Known mitochondrial
ENSG00000189283	true	true	false	Predicted mitochondrial
ENSG00000196072	true	false	false	Known mitochondrial
ENSG00000196116	true	false	false	Known mitochondrial
ENSG00000196177	true	true	true	Known mitochondrial
ENSG00000196236	true	true	false	Known mitochondrial
ENSG00000196290	true	true	false	Known mitochondrial
ENSG00000196365	true	true	true	Known mitochondrial
ENSG00000196407	true	false	false	Known mitochondrial
ENSG00000196449	true	false	true	Known mitochondrial
ENSG00000196475	true	false	false	Known mitochondrial
ENSG00000196636	true	true	true	Known mitochondrial
ENSG00000196683	true	true	false	Known mitochondrial
ENSG00000196860	true	false	false	Known mitochondrial
ENSG00000197043	true	false	false	Predicted mitochondrial
ENSG00000197119	true	true	false	Known mitochondrial
ENSG00000197122	true	false	false	Known mitochondrial
ENSG00000197142	true	false	true	Known mitochondrial
ENSG00000197150	true	true	true	Known mitochondrial
ENSG00000197208	true	true	true	Known mitochondrial
ENSG00000197345	true	true	true	Known mitochondrial
ENSG00000197444	true	true	false	Known mitochondrial
ENSG00000197448	true	true	false	Known mitochondrial
ENSG00000197580	true	false	false	Known mitochondrial
ENSG00000197785	true	true	true	Known mitochondrial
ENSG00000197912	true	true	false	Known mitochondrial
ENSG00000197959	true	false	false	Predicted mitochondrial
ENSG00000198015	true	true	true	Known mitochondrial
ENSG00000198060	true	true	true	Known mitochondrial
ENSG00000198130	true	true	true	Known mitochondrial
ENSG00000198650	true	false	false	Predicted mitochondrial
ENSG00000198689	true	false	false	Known mitochondrial
ENSG00000198695	true	true	false	Known mitochondrial
ENSG00000198712	true	true	false	Known mitochondrial
ENSG00000198721	true	true	false	Known mitochondrial
ENSG00000198727	true	true	true	Known mitochondrial
ENSG00000198742	true	false	false	Known mitochondrial
ENSG00000198754	true	false	false	Known mitochondrial
ENSG00000198763	true	true	false	Known mitochondrial
ENSG00000198786	true	true	false	Known mitochondrial
ENSG00000198804	true	true	true	Known mitochondrial
ENSG00000198812	true	false	false	Known mitochondrial
ENSG00000198814	true	true	false	Known mitochondrial
ENSG00000198836	true	true	true	Known mitochondrial
ENSG00000198840	true	true	false	Known mitochondrial
ENSG00000198886	true	true	false	Known mitochondrial
ENSG00000198888	true	true	false	Known mitochondrial
ENSG00000198899	true	true	false	Known mitochondrial
ENSG00000198938	true	true	false	Known mitochondrial
ENSG00000203667	true	true	true	Known mitochondrial
ENSG00000203859	true	false	false	Predicted mitochondrial
ENSG00000204152	true	false	false	Known mitochondrial
ENSG00000204183	true	false	false	Known mitochondrial
ENSG00000204228	true	true	false	Known mitochondrial
ENSG00000204316	true	true	true	Known mitochondrial
ENSG00000204370	true	true	false	Known mitochondrial
ENSG00000204389	true	false	false	Known mitochondrial
ENSG00000204511	true	false	false	Known mitochondrial
ENSG00000204568	true	true	true	Known mitochondrial
ENSG00000204628	true	false	false	Predicted mitochondrial
ENSG00000204822	true	true	false	Known mitochondrial
ENSG00000204922	true	false	true	Known mitochondrial
ENSG00000205138	true	true	true	Known mitochondrial
ENSG00000205309	true	true	false	Known mitochondrial
ENSG00000205560	true	true	false	Known mitochondrial
ENSG00000205707	true	true	false	Predicted mitochondrial
ENSG00000205981	true	true	false	Known mitochondrial
ENSG00000212907	true	true	true	Known mitochondrial
ENSG00000213221	true	false	true	Known mitochondrial
ENSG00000213339	true	true	true	Known mitochondrial
ENSG00000213463	true	true	true	Known mitochondrial
ENSG00000213465	true	true	false	Known mitochondrial
ENSG00000213585	true	false	false	Known mitochondrial
ENSG00000213619	true	true	true	Known mitochondrial
ENSG00000213699	true	false	false	Known mitochondrial
ENSG00000213719	true	false	false	Predicted mitochondrial
ENSG00000213995	true	true	false	Known mitochondrial
ENSG00000214026	true	true	true	Known mitochondrial
ENSG00000214113	true	true	false	Known mitochondrial
ENSG00000214114	true	false	false	Known mitochondrial
ENSG00000214253	true	true	true	Known mitochondrial
ENSG00000214456	true	false	false	Known mitochondrial
ENSG00000214736	true	false	true	Known mitochondrial
ENSG00000214756	true	false	false	Known mitochondrial
ENSG00000215009	true	false	false	Known mitochondrial
ENSG00000215021	true	true	true	Known mitochondrial
ENSG00000215251	true	true	false	Known mitochondrial
ENSG00000215301	true	false	false	Predicted mitochondrial
ENSG00000215475	true	false	false	Known mitochondrial
ENSG00000217930	true	true	true	Known mitochondrial
ENSG00000218739	true	false	false	Known mitochondrial
ENSG00000221829	true	false	false	Known mitochondrial
ENSG00000223572	true	true	false	Known mitochondrial
ENSG00000224877	true	true	true	Predicted mitochondrial
ENSG00000225921	true	false	false	Predicted mitochondrial
ENSG00000227471	true	false	false	Known mitochondrial
ENSG00000228253	true	true	false	Known mitochondrial
ENSG00000229833	true	true	true	Known mitochondrial
ENSG00000232838	true	false	false	Known mitochondrial
ENSG00000233276	true	true	false	Known mitochondrial
ENSG00000237289	true	true	false	Known mitochondrial
ENSG00000239672	true	false	false	Predicted mitochondrial
ENSG00000239789	true	true	false	Known mitochondrial
ENSG00000240230	true	true	false	Known mitochondrial
ENSG00000240303	true	true	false	Known mitochondrial
ENSG00000241468	true	true	true	Known mitochondrial
ENSG00000241837	true	true	true	Known mitochondrial
ENSG00000241878	true	true	false	Known mitochondrial
ENSG00000241935	true	true	false	Known mitochondrial
ENSG00000242110	true	true	false	Known mitochondrial
ENSG00000242114	true	true	true	Known mitochondrial
ENSG00000242485	true	true	true	Known mitochondrial
ENSG00000243147	true	true	false	Known mitochondrial
ENSG00000243927	true	true	false	Known mitochondrial
ENSG00000244005	true	true	false	Known mitochondrial
ENSG00000247077	true	true	true	Known mitochondrial
ENSG00000247626	true	true	false	Known mitochondrial
ENSG00000248098	true	true	false	Known mitochondrial
ENSG00000249222	true	false	true	Known mitochondrial
ENSG00000250067	true	false	true	Predicted mitochondrial
ENSG00000250317	true	false	false	Predicted mitochondrial
ENSG00000250479	true	true	true	Known mitochondrial
ENSG00000250799	true	true	false	Known mitochondrial
ENSG00000254636	true	true	false	Known mitochondrial
ENSG00000254858	true	true	false	Known mitochondrial
ENSG00000255154	true	false	true	Predicted mitochondrial
ENSG00000256053	true	true	false	Known mitochondrial
ENSG00000256525	true	true	true	Known mitochondrial
ENSG00000257218	true	false	false	Known mitochondrial
ENSG00000258429	true	true	true	Known mitochondrial
ENSG00000259494	true	true	true	Known mitochondrial
ENSG00000259571	true	false	false	Known mitochondrial
ENSG00000262814	true	true	true	Known mitochondrial
ENSG00000265354	true	true	true	Known mitochondrial
ENSG00000266472	true	true	true	Known mitochondrial
ENSG00000267673	true	true	false	Known mitochondrial
ENSG00000267855	true	false	true	Known mitochondrial
ENSG00000269743	true	true	false	Known mitochondrial
ENSG00000277972	true	true	false	Known mitochondrial
ENSG00000278259	true	false	false	Known mitochondrial
ENSG00000278619	true	true	true	Known mitochondrial
ENSG00000278845	true	true	true	Known mitochondrial
